id_ruta,nombre,longitud,codigo,sistema,tipo,empresa,recorrido,fecha
90001,CIRCULAR DERECHA 303,20830.0802499106,303,CIRCULAR DERECHA 303,CIRCULAR,COONATRA,ORIGEN_DESTINO,2018-08-01 00:00:00
90002,CIRCULAR 286,12713.8346625935,286,CIRCULAR 286,CIRCULAR,COMBUSES,ORIGEN_DESTINO,2024-08-27 00:00:00
90003,CIRCULAR IZQUIERDA 302,21009.7757091315,302,CIRCULAR IZQUIERDA 302,CIRCULAR,AUTOBUSES POBLADO LAURELES,ORIGEN_DESTINO,2024-01-11 00:00:00
90004,TERMINAL DEL NORTE-TERMINAL DEL SUR,20438.530242029,313,CIRCULAR 313,CIRCULAR,COMBUSES,ORIGEN_DESTINO,2024-05-11 00:00:00
90005,CIRCULAR,27561.2623026223,300,"CIRCULAR COONATRA 300, 301, 310, 311",CIRCULAR,COONATRA,ORIGEN_DESTINO,2022-03-28 00:00:00
90006,CIRCULAR,28390.4573185279,301,"CIRCULAR COONATRA 300, 301, 310, 311",CIRCULAR,COONATRA,ORIGEN_DESTINO,2024-11-05 00:00:00
90007,DIRECTA CIRCULAR,19864.9612875215,310,"CIRCULAR COONATRA 300, 301, 310, 311",CIRCULAR,COONATRA,ORIGEN_DESTINO,2021-11-11 00:00:00
90008,DIRECTA CIRCULAR,28118.2994709099,311,"CIRCULAR COONATRA 300, 301, 310, 311",CIRCULAR,COONATRA,ORIGEN_DESTINO,2021-11-11 00:00:00
90009,COMERCIAL HOTELERA DERECHA,36146.6053618262,304,"CIRCULAR 304, 305, 308, 308D, 309, 309D",CIRCULAR,INVETRANS,ORIGEN_DESTINO,2022-03-28 00:00:00
90010,COMERCIAL HOTELERA IZQUIERDA,35542.9314861071,305,"CIRCULAR 304, 305, 308, 308D, 309, 309D",CIRCULAR,INVETRANS,ORIGEN_DESTINO,2018-08-01 00:00:00
90011,RUTA DE LA SALUD DERECHA,24315.0268190151,308,"CIRCULAR 304, 305, 308, 308D, 309, 309D",CIRCULAR,COINVETRANS,ORIGEN_DESTINO,2018-08-01 00:00:00
90012,RUTA DE LA SALUD DERECHA DIRECTA,22423.8485416015,308D,"CIRCULAR 304, 305, 308, 308D, 309, 309D",CIRCULAR,COINVETRANS,ORIGEN_DESTINO,2024-08-27 00:00:00
90013,RUTA DE LA SALUD IZQUIERDA,25561.0447553816,309,"CIRCULAR 304, 305, 308, 308D, 309, 309D",CIRCULAR,COINVETRANS,ORIGEN_DESTINO,2024-08-27 00:00:00
90014,RUTA DE LA SALUD IZQUIERDA DIRECTA,24498.4105965081,309D,"CIRCULAR 304, 305, 308, 308D, 309, 309D",CIRCULAR,COINVETRANS,ORIGEN_DESTINO,2024-08-27 00:00:00
90015,CIRCULAR 315,16697.5448554879,315,CIRCULAR 315 Y 316,CIRCULAR,SANTRA,ORIGEN_DESTINO,2022-03-28 00:00:00
90016,CIRCULAR 316,17307.3977325249,316,CIRCULAR 315 Y 316,CIRCULAR,SANTRA,ORIGEN_DESTINO,2022-03-28 00:00:00
90057,BLANQUIZAL,17773.7693431868,246,2A,DIRECTA CENTRO,COOTRANSBLAN,ORIGEN_DESTINO,2020-04-01 00:00:00
90059,BLANQUIZAL CALAZANÍA DIRECTA,17778.2657405372,246D,2A,DIRECTA CENTRO,COOTRANSBLAN,ORIGEN_DESTINO,2024-08-27 00:00:00
90061,BLANQUIZAL CALAZANÍA,14964.2111147933,246C,2A,DIRECTA CENTRO,COOTRANSBLAN,ORIGEN_DESTINO,2020-04-01 00:00:00
90063,BLANQUIZAL INTEGRADA,9830.67642417121,246I,2A,INTEGRADA,COOTRANSBLAN,ORIGEN_DESTINO,2024-08-27 00:00:00
90064,BLANQUIZAL INTEGRADA,9354.88419880096,246II,2A,INTEGRADA,COOTRANSBLAN,ORIGEN_DESTINO,2024-08-27 00:00:00
90065,PAJARITO INTEGRADA,4477.4519841909,250AIP,2A,INTEGRADA,PALENQUE ROBLEDAL,ORIGEN_DESTINO,2024-08-27 00:00:00
90066,TULIPANES LA HUERTA INTEGRADA,5506.11629304413,250AII,2A,INTEGRADA,PALENQUE ROBLEDAL,ORIGEN_DESTINO,2024-08-27 00:00:00
90067,ROBLEDALES,20470.5472062,250R,2A,DIRECTA CENTRO,PALENQUE ROBLEDAL,ORIGEN_DESTINO,2024-08-27 00:00:00
90068,VILLA FLORA INTEGRADA,16026.4984864327,250IVF,2A,INTEGRADA,PALENQUE ROBLEDAL,ORIGEN_DESTINO,2024-08-27 00:00:00
90069,ROBLEDAL INTEGRADA,16777.7053400902,250IR,2A,INTEGRADA,PALENQUE ROBLEDAL,ORIGEN_DESTINO,2021-10-19 00:00:00
90070,ROBLEDO VILLA FLORA,21919.8184367737,250VF,2A,DIRECTA CENTRO,PALENQUE ROBLEDAL,ORIGEN_DESTINO,2024-08-27 00:00:00
90071,LA HUERTA,22084.0407038655,250AH,2A,DIRECTA CENTRO,PALENQUE ROBLEDAL,ORIGEN_DESTINO,2024-08-27 00:00:00
90072,MORAVIA,20083.9777093131,250M,2A,INTEGRADA,PALENQUE ROBLEDAL,ORIGEN_DESTINO,2018-08-01 00:00:00
90073,PAJARITO,26107.7049960068,250AP,2A,DIRECTA CENTRO,PALENQUE ROBLEDAL,ORIGEN_DESTINO,2021-10-19 00:00:00
90074,MARGARITAS,21864.7400763132,251,2A,DIRECTA CENTRO,PALENQUE ROBLEDAL,ORIGEN_DESTINO,2024-08-27 00:00:00
90075,KENNEDY,20768.5627393172,252,2A,DIRECTA CENTRO,PALENQUE ROBLEDAL,ORIGEN_DESTINO,2021-10-19 00:00:00
90076,AURES DERECHA,18317.2032566765,253D,2A,DIRECTA CENTRO,PALENQUE ROBLEDAL,ORIGEN_DESTINO,2020-04-01 00:00:00
90077,AURES IZQUIERDA,18698.6668304559,253I,2A,DIRECTA CENTRO,PALENQUE ROBLEDAL,ORIGEN_DESTINO,2020-04-01 00:00:00
90078,ROBLEDO AURES INTEGRADA,16198.6870584798,253IA,2A,INTEGRADA,PALENQUE ROBLEDAL,ORIGEN_DESTINO,2020-04-01 00:00:00
90079,ROBLEDO AURES INTEGRADA RAMAL,14749.0025141791,253IAR,2A,INTEGRADA,PALENQUE ROBLEDAL,ORIGEN_DESTINO,2020-05-11 00:00:00
90080,PICACHO,22046.5939303573,254,2A,DIRECTA CENTRO,TRANSPORTE MEDELLÍN CASTILLA,ORIGEN_DESTINO,2021-10-19 00:00:00
90081,NUEVO OCCIDENTE-LAS FLORES,33904.9324746866,255A,2A,DIRECTA CENTRO,RÁPIDO SAN CRISTÓBAL,ORIGEN_DESTINO,2024-08-27 00:00:00
90082,SAN CRISTÓBAL -CONEXIÓN VIAL,23402.2668850797,255D,2A,DIRECTA CENTRO,RÁPIDO SAN CRISTÓBAL,ORIGEN_DESTINO,2024-08-27 00:00:00
90083,SAN CRISTÓBAL - DOÑA MARÍA,24492.080233755,255,2A,DIRECTA CENTRO,RÁPIDO SAN CRISTÓBAL,ORIGEN_DESTINO,2024-08-27 00:00:00
90084,METROCABLE AURORA-CÁRCEL,10412.6662084226,255I,2A,INTEGRADA,RÁPIDO SAN CRISTÓBAL,ORIGEN_DESTINO,2024-08-27 00:00:00
90085,METROCABLE LA AURORA,14955.1164176396,255ID,2A,INTEGRADA,RÁPIDO SAN CRISTÓBAL,ORIGEN_DESTINO,2024-08-27 00:00:00
90086,PALMITAS-CENTRO,53416.7118484144,255P,2A,DIRECTA CENTRO,RÁPIDO SAN CRISTÓBAL,ORIGEN_DESTINO,2024-08-27 00:00:00
90087,VEREDA EL LLANO - PARQUE SAN CRISTÓBAL,6458.30990612292,255V1,2A,DIRECTA NO CENTRO,RÁPIDO SAN CRISTÓBAL,ORIGEN_DESTINO,2024-08-27 00:00:00
90088,VEREDA EL LLANO - CENTRO,30474.7243117695,255V1D,2A,DIRECTA CENTRO,RÁPIDO SAN CRISTÓBAL,ORIGEN_DESTINO,2024-08-27 00:00:00
90089,VEREDA YOLOMBÓ - PARQUE SAN CRISTÓBAL,15298.1844647474,255V2,2A,DIRECTA NO CENTRO,RÁPIDO SAN CRISTÓBAL,ORIGEN_DESTINO,2024-08-27 00:00:00
90090,DERECHA VEREDA BOQUERÓN - PARQUE SAN CRISTÓBAL,20513.8724519928,255V3,2A,DIRECTA NO CENTRO,RÁPIDO SAN CRISTÓBAL,ORIGEN_DESTINO,2024-08-27 00:00:00
90091,IZQUIERDA VEREDA BOQUERÓN - PARQUE SAN CRISTÓBAL,20087.6774363134,255V3,2A,DIRECTA NO CENTRO,RÁPIDO SAN CRISTÓBAL,ORIGEN_DESTINO,2024-08-27 00:00:00
90092,NUEVO OCCIDENTE EL TIROL,30317.4306610666,255A,2A,DIRECTA CENTRO,RÁPIDO SAN CRISTÓBAL,ORIGEN_DESTINO,2024-08-27 00:00:00
90093,LAS FLORES-MORAVIA-CENTRO,35635.2774843807,255A,2A,DIRECTA CENTRO,RÁPIDO SAN CRISTÓBAL,ORIGEN_DESTINO,2020-03-10 00:00:00
90094,CLÍNICA,17053.6374898827,260CL,2A,DIRECTA CENTRO,PALENQUE ROBLEDAL,ORIGEN_DESTINO,2024-08-27 00:00:00
90095,CÓRDOBA,16233.1061065587,260C,2A,DIRECTA CENTRO,PALENQUE ROBLEDAL,ORIGEN_DESTINO,2024-08-27 00:00:00
90096,SEMINARIO INTEGRADA,12938.9983885294,260I,2A,INTEGRADA,PALENQUE ROBLEDAL,ORIGEN_DESTINO,2024-08-27 00:00:00
90097,BRISAS,14608.17635354,260BR,2A,DIRECTA CENTRO,PALENQUE ROBLEDAL,ORIGEN_DESTINO,2024-08-27 00:00:00
90098,TORRES,14608.1763535601,260T,2A,DIRECTA CENTRO,PALENQUE ROBLEDAL,ORIGEN_DESTINO,2024-08-27 00:00:00
90099,ÉXITO,23741.3224527125,267,2A,DIRECTA CENTRO,PALENQUE ROBLEDAL,ORIGEN_DESTINO,2024-08-27 00:00:00
90102,VEREDA LA SUIZA-LA FRISOLA-LA GUAYABALA-LA VOLCANA,19125.4973220605,255V,2A,DIRECTA NO CENTRO,RÁPIDO SAN CRISTÓBAL,ORIGEN_DESTINO,2024-08-27 00:00:00
90103,VEREDA LA ALDEA,10451.870849943,255V,2A,DIRECTA NO CENTRO,RÁPIDO SAN CRISTÓBAL,ORIGEN_DESTINO,2024-08-27 00:00:00
90104,ALFONSO LÓPEZ - VIEJO TERMINAL,19400.5871276757,261A,2B,DIRECTA CENTRO,TRANSPORTE MEDELLÍN CASTILLA,ORIGEN_DESTINO,2024-08-27 00:00:00
90105,PILARICA INTEGRADA,9730.12361497152,254I,2B,INTEGRADA,TRANSPORTE MEDELLÍN CASTILLA,ORIGEN_DESTINO,2024-08-27 00:00:00
90106,PILARICA,10270.5002542074,254IB_TV 73,2B,INTEGRADA,TRANSPORTE MEDELLÍN CASTILLA,ORIGEN_DESTINO,2024-08-27 00:00:00
90107,ALFONSO LÓPEZ CALLE 94,17623.5408454795,261,2B,DIRECTA CENTRO,TRANSPORTE MEDELLÍN CASTILLA,ORIGEN_DESTINO,2024-08-27 00:00:00
90108,DERECHA CASTILLA - ESTACIÓN UNIVERSIDAD,10911.7995336503,261I DER,2B,INTEGRADA,TRANSPORTE MEDELLÍN CASTILLA,ORIGEN_DESTINO,2018-08-01 00:00:00
90109,IZQUIERDA CASTILLA - ESTACIÓN UNIVERSIDAD,12706.6985507589,261I IZQ,2B,INTEGRADA,TRANSPORTE MEDELLÍN CASTILLA,ORIGEN_DESTINO,2018-08-01 00:00:00
90110,ESTACIÓN TRICENTENARIO,10580.1617705472,261II,2B,INTEGRADA,TRANSPORTE MEDELLÍN CASTILLA,ORIGEN_DESTINO,2024-08-27 00:00:00
90111,12 DE OCTUBRE - CALLE 90,19982.0699437667,263,2B,DIRECTA CENTRO,TRANSPORTE MEDELLÍN CASTILLA,ORIGEN_DESTINO,2018-08-01 00:00:00
90113,12 DE OCTUBRE - ESTACIÓN TRICENTENARIO,8842.3594111254,263I,2B,INTEGRADA,TRANSPORTE MEDELLÍN CASTILLA,ORIGEN_DESTINO,2024-08-27 00:00:00
90114,12 DE OCTUBRE - ESTACIÓN TRICENTENARIO,2221.24790195483,263II,2B,INTEGRADA,TRANSPORTE MEDELLÍN CASTILLA,ORIGEN_DESTINO,2024-08-27 00:00:00
90115,CASTILLITA,17683.462303981,265,2B,DIRECTA CENTRO,TRANSPORTE MEDELLÍN CASTILLA,ORIGEN_DESTINO,2020-03-10 00:00:00
90116,GRATAMIRA-ESTACIÓN ACEVEDO,6388.1610505129,270I,2B,INTEGRADA,TRANSPORTE MEDELLÍN CASTILLA,ORIGEN_DESTINO,2024-08-27 00:00:00
90117,SANTANDER - CARRERA 73,20621.0970821586,280,2B,DIRECTA CENTRO,TRANSPORTE MEDELLÍN CASTILLA,ORIGEN_DESTINO,2018-08-01 00:00:00
90118,SANTANDER - CARRERA 73,18765.8053591292,280 DIRECTA,2B,DIRECTA CENTRO,TRANSPORTE MEDELLÍN CASTILLA,ORIGEN_DESTINO,2018-08-01 00:00:00
90119,FLORENCIA,21656.2027469769,281,2B,DIRECTA CENTRO,TRANSPORTE MEDELLÍN CASTILLA,ORIGEN_DESTINO,2024-08-27 00:00:00
90122,FLORENCIA-ESTACIÓN ACEVEDO,9926.01249263126,283I,2B,INTEGRADA,TRANSPORTE MEDELLÍN CASTILLA,ORIGEN_DESTINO,2024-08-27 00:00:00
90124,PILARICA CALLE 96,21370.6370591378,289,2B,DIRECTA CENTRO,TRANSPORTE MEDELLÍN CASTILLA,ORIGEN_DESTINO,2020-07-13 00:00:00
90125,IZQUIERDA - CIRCULAR NOROCCIDENTAL,20172.6611425984,306A,2B,INTEGRADA,TRANSPORTE MEDELLÍN CASTILLA,ORIGEN_DESTINO,2024-08-27 00:00:00
90126,DERECHA - CIRCULAR NOROCCIDENTAL,15766.9106659234,306B,2B,INTEGRADA,TRANSPORTE MEDELLÍN CASTILLA,ORIGEN_DESTINO,2024-08-27 00:00:00
90128,CARABOBO - AV. DE GREIFF,16145.2752953678,ANILLO 1 CARRERA 65,2B,DIRECTA CENTRO,TRANSPORTE MEDELLÍN CASTILLA,ORIGEN_DESTINO,2024-08-27 00:00:00
90129,ALPUJARRA - ORIENTAL SENTIDO ANTIHORARIO,19676.5513745476,ANILLO 3AH CARRERA 65,2B,DIRECTA CENTRO,TRANSPORTE MEDELLÍN CASTILLA,ORIGEN_DESTINO,2024-08-27 00:00:00
90130,ALPUJARRA - ORIENTAL SENTIDO HORARIO,23571.8433856737,ANILLO 3H CARRERA 65,2B,DIRECTA CENTRO,TRANSPORTE MEDELLÍN CASTILLA,ORIGEN_DESTINO,2024-08-27 00:00:00
90131,ALPUJARRA - ORIENTAL SENTIDO HORARIO,35949.0965708299,ANILLO 3H CARRERA 65 HORARIO ESP,2B,DIRECTA CENTRO,TRANSPORTE MEDELLÍN CASTILLA,ORIGEN_DESTINO,2024-08-27 00:00:00
90132,AV. GREIFF - PUENTE HORACIO TORO,15736.074870566,ANILLO F1 CARRERA 65,2B,DIRECTA CENTRO,TRANSPORTE MEDELLÍN CASTILLA,ORIGEN_DESTINO,2024-08-27 00:00:00
90133,AV. REGIONAL - SAN DIEGO,21454.9045030335,ANILLO F2 CARRERA 65,2B,DIRECTA CENTRO,TRANSPORTE MEDELLÍN CASTILLA,ORIGEN_DESTINO,2024-08-27 00:00:00
90134,PARQUE LOS PERIODISTAS,17987.206327944,ANILLO F3 CARRERA 65,2B,DIRECTA CENTRO,TRANSPORTE MEDELLÍN CASTILLA,ORIGEN_DESTINO,2024-08-27 00:00:00
90135,CARABOBO - AV. GREIFF,13215.3269710069,ANILLO 1 CARRERA 73,2B,DIRECTA CENTRO,TRANSPORTE MEDELLÍN CASTILLA,ORIGEN_DESTINO,2024-08-27 00:00:00
90136,EL HUECO - PARQUE BERRÍO,15227.9447135745,ANILLO 2 CARRERA 73,2B,DIRECTA CENTRO,TRANSPORTE MEDELLÍN CASTILLA,ORIGEN_DESTINO,2024-08-27 00:00:00
90137,ALPUJARRA - ORIENTAL SENTIDO ANTIHORARIO,16782.6744570863,ANILLO 3AH CARRERA 73,2B,DIRECTA CENTRO,TRANSPORTE MEDELLÍN CASTILLA,ORIGEN_DESTINO,2024-08-27 00:00:00
90138,ALPUJARRA - ORIENTAL SENTIDO HORARIO,16279.3327929303,ANILLO 3H CARRERA 73,2B,DIRECTA CENTRO,TRANSPORTE MEDELLÍN CASTILLA,ORIGEN_DESTINO,2024-08-27 00:00:00
90139,AV. GREIFF - PUENTE HORACIO TORO,13216.1979555176,ANILLO F1 CARRERA 73,2B,DIRECTA CENTRO,TRANSPORTE MEDELLÍN CASTILLA,ORIGEN_DESTINO,2024-08-27 00:00:00
90140,PARQUE LOS PERIODISTAS,16429.9032756911,ANILLO F3 CARRERA 73,2B,DIRECTA CENTRO,TRANSPORTE MEDELLÍN CASTILLA,ORIGEN_DESTINO,2020-05-11 00:00:00
90141,BELÉN LAS PLAYAS,22241.8222430135,170,3A,DIRECTA CENTRO,COOTRABEL,ORIGEN_DESTINO,2022-03-28 00:00:00
90143,BELÉN LA GLORIA,26659.0452491565,172,3A,DIRECTA CENTRO,COOTRABEL,ORIGEN_DESTINO,2020-06-05 00:00:00
90145,BELÉN LA NUBIA,24512.2256015126,178,3A,DIRECTA CENTRO,COOTRABEL,ORIGEN_DESTINO,2022-03-28 00:00:00
90172,TERMINAL DE TRANSPORTE NORTE,10186.7661723081,287,5A,DIRECTA CENTRO,AUTOBUSES POBLADO LAURELES,ORIGEN_DESTINO,2020-05-11 00:00:00
90173,BUENOS AIRES,21840.4293704624,96,6A,DIRECTA CENTRO,FLOTA LA V,ORIGEN_DESTINO,2020-07-13 00:00:00
90174,BUENOS AIRES,24874.614158782,096 HORARIO ESP,6A,DIRECTA CENTRO,FLOTA LA V,ORIGEN_DESTINO,2020-07-13 00:00:00
90175,CAUCES-QUINTALINDA,21864.335104211,97,6A,DIRECTA CENTRO,FLOTA LA V,ORIGEN_DESTINO,2024-08-27 00:00:00
90176,CAUCES-QUINTALINDA,23669.6913208839,97,6A,DIRECTA CENTRO,FLOTA LA V,ORIGEN_DESTINO,2024-08-27 00:00:00
90179,QUINTALINDA-EL VERGEL,13399.6516221304,97,6A,DIRECTA NO CENTRO,FLOTA LA V,ORIGEN_DESTINO,2024-08-27 00:00:00
90180,CERROS DE QUINTALINDA,14602.4596634826,99,6A,DIRECTA CENTRO,COOPCERQUIN,ORIGEN_DESTINO,2024-08-27 00:00:00
90181,CERROS DE QUINTALINDA,16150.1734005191,099 HORARIO ESP,6A,DIRECTA CENTRO,COOPCERQUIN,ORIGEN_DESTINO,2024-08-27 00:00:00
90183,ÁVILA-IGLESIA CATALUÑA,17208.289067963,102,6A,DIRECTA CENTRO,COOTRANSCATALUÑA,ORIGEN_DESTINO,2024-08-27 00:00:00
90184,ÁVILA-IGLESIA CATALUÑA,15055.4793728427,102D,6A,DIRECTA CENTRO,COOTRANSCATALUÑA,ORIGEN_DESTINO,2024-08-27 00:00:00
90187,PABLO ESCOBAR-CATALUÑA,9010.10517573426,102A,6A,DIRECTA NO CENTRO,COOTRANSCATALUÑA,ORIGEN_DESTINO,2024-08-27 00:00:00
90188,LA MILAGROSA,11305.4281952581,110,6A,DIRECTA NO CENTRO,FLOTA LA MILAGROSA,ORIGEN_DESTINO,2024-08-27 00:00:00
90191,EL SALVADOR DERECHO,13692.1678869096,111,6A,DIRECTA CENTRO,FLOTA LA MILAGROSA,ORIGEN_DESTINO,2024-08-27 00:00:00
90193,EL SALVADOR,13582.0651898567,111,6A,DIRECTA CENTRO,FLOTA LA MILAGROSA,ORIGEN_DESTINO,2024-08-27 00:00:00
90195,LAS PALMAS,7203.3898933295,112,6A,DIRECTA CENTRO,COPATRA,ORIGEN_DESTINO,2024-08-27 00:00:00
90197,ÁVILA,15835.4144858439,113B,6A,DIRECTA CENTRO,FLOTA LA MILAGROSA,ORIGEN_DESTINO,2024-08-27 00:00:00
90198,PABLO E.,8235.82563720756,113M,6A,DIRECTA CENTRO,FLOTA LA MILAGROSA,ORIGEN_DESTINO,2024-08-27 00:00:00
90199,ÁVILA - CATALUÑA,17380.5128104121,113,6A,DIRECTA CENTRO,FLOTA LA MILAGROSA,ORIGEN_DESTINO,2024-08-27 00:00:00
90202,LA FRANCIA,17181.2106011931,6,6B,DIRECTA CENTRO,TRANSCONOR,ORIGEN_DESTINO,2021-03-11 00:00:00
90203,SANTA CRUZ - TERMINAL,16769.7993530127,22,6B,DIRECTA CENTRO,TRANSPORTE ARANJUEZ SANTA CRUZ,ORIGEN_DESTINO,2018-08-01 00:00:00
90205,POPULAR N° 1,18281.1496479936,23,6B,DIRECTA CENTRO,TRANSPORTE ARANJUEZ SANTA CRUZ,ORIGEN_DESTINO,2024-08-27 00:00:00
90206,PLAYÓN DE LOS COMUNEROS,10750.5016590818,24,6B,DIRECTA CENTRO,TRANSPORTE ARANJUEZ SANTA CRUZ,ORIGEN_DESTINO,2020-07-13 00:00:00
90207,PLAYÓN DE LOS COMUNEROS - ORIENTAL,18598.5881307485,24,6B,DIRECTA CENTRO,TRANSPORTE ARANJUEZ SANTA CRUZ,ORIGEN_DESTINO,2024-08-27 00:00:00
90209,ARANJUEZ ANILLO DERECHA,14658.4866229623,041D,6B,DIRECTA CENTRO,TRANSPORTE ARANJUEZ SANTA CRUZ,ORIGEN_DESTINO,2024-08-27 00:00:00
90210,ARANJUEZ ANILLO IZQUIERDA,13852.2849430266,041I,6B,DIRECTA CENTRO,TRANSPORTE ARANJUEZ SANTA CRUZ,ORIGEN_DESTINO,2024-08-27 00:00:00
90211,ARANJUEZ INTERMEDIA,18893.3461992073,42,6B,DIRECTA CENTRO,TRANSPORTE ARANJUEZ SANTA CRUZ,ORIGEN_DESTINO,2024-08-27 00:00:00
90212,POPULAR CENTRO,21527.8723014611,031 P-C,6C,DIRECTA CENTRO,EXPRESO CAMPO VALDÉS,ORIGEN_DESTINO,2024-08-27 00:00:00
90214,POPULAR FERROCARRIL,20959.4444938044,031 P-F,6C,DIRECTA CENTRO,EXPRESO CAMPO VALDÉS,ORIGEN_DESTINO,2024-08-27 00:00:00
90215,POPULAR CENTRO SAN DIEGO,23733.0946168578,031 P-SD,6C,DIRECTA CENTRO,EXPRESO CAMPO VALDÉS,ORIGEN_DESTINO,2024-08-27 00:00:00
90217,HUECO,19703.8390766202,37 - 39,6C,DIRECTA CENTRO,AUTOCOL,ORIGEN_DESTINO,2020-07-13 00:00:00
90218,FERROCARRIL MINORISTA,22736.9887773569,37 - 39,6C,DIRECTA CENTRO,AUTOCOL,ORIGEN_DESTINO,2020-07-13 00:00:00
90219,VILLANUEVA,18861.8907677472,37 - 39,6C,DIRECTA CENTRO,AUTOCOL,ORIGEN_DESTINO,2020-07-13 00:00:00
90220,CAMPO VALDÉS CENTRO,13382.7840056762,51-52 CV-C,6C,DIRECTA CENTRO,EXPRESO CAMPO VALDÉS,ORIGEN_DESTINO,2024-08-27 00:00:00
90222,CAMPO VALDÉS FERROCARRIL,12959.4802826666,51-52 CV-F,6C,DIRECTA CENTRO,EXPRESO CAMPO VALDÉS,ORIGEN_DESTINO,2024-08-27 00:00:00
90223,CAMPO VALDÉS ORIENTAL,12842.580504338,51-52 CV-O,6C,DIRECTA CENTRO,EXPRESO CAMPO VALDÉS,ORIGEN_DESTINO,2024-08-27 00:00:00
90224,CAMPO VALDÉS SAN DIEGO,16842.1577169965,51-52 CV-SD,6C,DIRECTA CENTRO,EXPRESO CAMPO VALDÉS,ORIGEN_DESTINO,2024-08-27 00:00:00
90226,VILLA HERMOSA - LA MANSIÓN-DIRECTA LA 33,16630.4564111903,080 V-33,6D,DIRECTA CENTRO,FLOTA NUEVA VILLA,ORIGEN_DESTINO,2024-08-27 00:00:00
90227,VILLA HERMOSA - LA MANSIÓN,14922.0349854779,080 V-M,6D,DIRECTA CENTRO,FLOTA NUEVA VILLA,ORIGEN_DESTINO,2024-08-27 00:00:00
90228,VILLA HERMOSA - LA MANSIÓN-DIRECTA ORIENTAL,12610.3768953897,080 V-O,6D,DIRECTA CENTRO,FLOTA NUEVA VILLA,ORIGEN_DESTINO,2024-08-27 00:00:00
90229,VILLA HERMOSA - DERECHO,11936.5543400679,81,6D,DIRECTA CENTRO,FLOTA NUEVA VILLA,ORIGEN_DESTINO,2024-08-27 00:00:00
90230,VILLA HERMOSA - LOS ÁNGELES,12981.7800238918,082 V-LA,6D,DIRECTA CENTRO,FLOTA NUEVA VILLA,ORIGEN_DESTINO,2024-08-27 00:00:00
90231,VILLA HERMOSA - LOS ÁNGELES - DIRECTA,13084.3495287283,082 V-LAD,6D,DIRECTA CENTRO,FLOTA NUEVA VILLA,ORIGEN_DESTINO,2024-08-27 00:00:00
90232,LA HONDA,15068.5305075121,085,6D,DIRECTA CENTRO,COOTRACOVI,ORIGEN_DESTINO,2024-08-27 00:00:00
90235,LA ESPERANZA,18021.429543261,56,6E,DIRECTA CENTRO,COOTRANSCOL,ORIGEN_DESTINO,2018-08-01 00:00:00
90236,BELLO ORIENTE,27519.4193861209,57,6E,DIRECTA CENTRO,COOPETRANSA,ORIGEN_DESTINO,2024-08-27 00:00:00
90237,SANTO DOMINGO,14591.9663374149,60,6E,DIRECTA CENTRO,COOTRANSCOL,ORIGEN_DESTINO,2024-08-27 00:00:00
90238,EL JARDÍN,16185.085317151,069,6E,DIRECTA CENTRO,COOPETRANSA,ORIGEN_DESTINO,2024-08-27 00:00:00
90239,PINAR TORRES,9729.82336381801,87,6F,DIRECTA CENTRO,COOTRANSPINAL,ORIGEN_DESTINO,2024-08-27 00:00:00
90240,PINAR TORRES HORARIO ESP,13080.0033172228,087 HORARIO ESP,6F,DIRECTA CENTRO,COOTRANSPINAL,ORIGEN_DESTINO,2024-08-27 00:00:00
90241,PINAR TORRES,11991.786415149,88,6F,DIRECTA CENTRO,COOTRANSPINAL,ORIGEN_DESTINO,2024-08-27 00:00:00
90242,PINAL,15368.6162121208,90,6F,DIRECTA CENTRO,COPATRA,ORIGEN_DESTINO,2024-08-27 00:00:00
90243,ALCÁZARES DE SUCRE,17688.8361174609,91,6F,DIRECTA CENTRO,COPATRA,ORIGEN_DESTINO,2024-08-27 00:00:00
90244,LLANADAS,11106.8091334097,91,6F,DIRECTA CENTRO,COPATRA,ORIGEN_DESTINO,2024-08-27 00:00:00
90247,GOLONDRINAS,11041.7166347828,105,6F,DIRECTA CENTRO,COOTRANSMALLAT,ORIGEN_DESTINO,2024-08-27 00:00:00
90249,GOLONDRINAS - MINORISTA,11038.6876377596,105,6F,DIRECTA CENTRO,COOTRANSMALLAT,ORIGEN_DESTINO,2024-08-27 00:00:00
90250,GOLONDRINAS HORARIO ESPECIAL,7682.60799629229,105,6F,DIRECTA CENTRO,COOTRANSMALLAT,ORIGEN_DESTINO,2024-08-27 00:00:00
90251,GOLONDRINAS HORARIO NOCTURNO,10739.7363636725,105,6F,DIRECTA CENTRO,COOTRANSMALLAT,ORIGEN_DESTINO,2024-08-27 00:00:00
90252,EL FARO,11776.9165404873,105,6F,DIRECTA CENTRO,COOTRANSMALLAT,ORIGEN_DESTINO,2024-08-27 00:00:00
90254,TRES ESQUINAS,10365.3861368338,106,6F,DIRECTA CENTRO,COOTRANSMALLAT,ORIGEN_DESTINO,2024-08-27 00:00:00
90255,TRES ESQUINAS - MINORISTA,10356.0636830992,106,6F,DIRECTA CENTRO,COOTRANSMALLAT,ORIGEN_DESTINO,2024-08-27 00:00:00
90256,TRES ESQUINAS - MINORISTA HORARIO ESPECIAL,7414.07623187585,106,6F,DIRECTA CENTRO,COOTRANSMALLAT,ORIGEN_DESTINO,2024-08-27 00:00:00
90257,SANTA ELENA-MAZO-LAS BRISAS-MEDELLÍN,87708.9749487181,98 DIRECTA 1,6G,DIRECTA NO CENTRO,TRANSACOOP,ORIGEN_DESTINO,2022-03-02 00:00:00
90258,SANTA ELENA-BARRO BLANCO-LAS BRISAS-MEDELLÍN,78322.2095414489,98 DIRECTA 2,6G,DIRECTA NO CENTRO,TRANSACOOP,ORIGEN_DESTINO,2022-03-02 00:00:00
90259,SANTA ELENA-LAS BRISAS-MEDELLÍN,55586.1154637776,98 DIRECTA 3,6G,DIRECTA NO CENTRO,TRANSACOOP,ORIGEN_DESTINO,2022-03-02 00:00:00
90260,SANTA ELENA-PERICO-LAS BRISAS-MEDELLÍN,62873.3884762019,98 DIRECTA 4,6G,DIRECTA NO CENTRO,TRANSACOOP,ORIGEN_DESTINO,2022-03-02 00:00:00
90261,SANTA ELENA-EL PLAN-LAS BRISAS-MEDELLÍN,69192.6837242228,98 DIRECTA 5,6G,DIRECTA NO CENTRO,TRANSACOOP,ORIGEN_DESTINO,2022-03-02 00:00:00
90262,SANTA ELENA-PIEDRAS BLANCAS-MEDELLÍN,91194.7391685176,98 DIRECTA 6,6G,DIRECTA NO CENTRO,TRANSACOOP,ORIGEN_DESTINO,2022-03-02 00:00:00
90263,SANTA ELENA-BARRO BLANCO-MEDELLÍN,71391.3067476176,98 DIRECTA 7,6G,DIRECTA NO CENTRO,TRANSACOOP,ORIGEN_DESTINO,2022-03-02 00:00:00
90264,SANTA ELENA-EL CERRO-LAS BRISAS-MEDELLÍN,61393.5754711897,98 DIRECTA 8,6G,DIRECTA NO CENTRO,TRANSACOOP,ORIGEN_DESTINO,2022-03-02 00:00:00
90265,SANTA ELENA-PIEDRAS BLANCAS-LAS BRISAS-MEDELLÍN,138599.386705642,98 DIRECTA 9,6G,DIRECTA NO CENTRO,TRANSACOOP,ORIGEN_DESTINO,2022-03-02 00:00:00
90266,CAICEDO LA TOMA,11160.0742203584,93,6H,DIRECTA CENTRO,COPATRA,ORIGEN_DESTINO,2024-08-27 00:00:00
90267,CAICEDO,11568.4500811296,93,6H,DIRECTA CENTRO,COPATRA,ORIGEN_DESTINO,2024-08-27 00:00:00
90268,CAICEDO LA TOMA MINORISTA,13549.2308385066,93,6H,DIRECTA CENTRO,COPATRA,ORIGEN_DESTINO,2024-08-27 00:00:00
90269,SANTA LUCÍA,16756.5105398024,94,6H,DIRECTA CENTRO,COPATRA,ORIGEN_DESTINO,2024-08-27 00:00:00
90270,PERLAS,14225.2112275015,95,6H,DIRECTA CENTRO,COPATRA,ORIGEN_DESTINO,2024-08-27 00:00:00
90271,PERLAS MINORISTA,17260.8271165151,95,6H,DIRECTA CENTRO,COPATRA,ORIGEN_DESTINO,2024-08-27 00:00:00
90272,VILLATINA,13417.4698326476,95,6H,DIRECTA CENTRO,COPATRA,ORIGEN_DESTINO,2024-08-27 00:00:00
90273,VILLATINA MINORISTA,16453.0857216611,95,6H,DIRECTA CENTRO,COPATRA,ORIGEN_DESTINO,2024-08-27 00:00:00
90274,SIERRA,19299.3510785982,103,6H,DIRECTA CENTRO,COOTRANSI,ORIGEN_DESTINO,2024-08-27 00:00:00
90275,SIERRA MINORISTA,24282.4198300529,103,6H,DIRECTA CENTRO,COOTRANSI,ORIGEN_DESTINO,2024-08-27 00:00:00
90276,MIRLAS,19451.5795627079,103,6H,DIRECTA CENTRO,COOTRANSI,ORIGEN_DESTINO,2024-08-27 00:00:00
90277,MIRLAS MINORISTA,24434.6483141626,103,6H,DIRECTA CENTRO,COOTRANSI,ORIGEN_DESTINO,2024-08-27 00:00:00
90278,PERLAS,12260.0588577288,107,6H,DIRECTA CENTRO,COOTRANSVI,ORIGEN_DESTINO,2020-07-13 00:00:00
90279,SAN ANTONIO-MINORISTA,19037.1082022091,107,6H,DIRECTA CENTRO,COOTRANSVI,ORIGEN_DESTINO,2024-08-27 00:00:00
90280,RATÓN PELAO,11627.9574387587,107,6H,DIRECTA CENTRO,COOTRANSVI,ORIGEN_DESTINO,2024-08-27 00:00:00
90281,SAN ANTONIO,13129.3157053991,107,6H,DIRECTA CENTRO,COOTRANSVI,ORIGEN_DESTINO,2024-08-27 00:00:00
90282,LAURELES PARQUE,18379.1269975265,190,8A,DIRECTA CENTRO,AUTOBUSES POBLADO LAURELES,ORIGEN_DESTINO,2021-10-19 00:00:00
90283,LAURELES ÉXITO,19303.68619676,191,8A,DIRECTA CENTRO,AUTOBUSES POBLADO LAURELES,ORIGEN_DESTINO,2021-10-19 00:00:00
90284,LAURELES NOGAL # 1,15487.0793819186,192,8A,DIRECTA CENTRO,AUTOBUSES POBLADO LAURELES,ORIGEN_DESTINO,2022-03-28 00:00:00
90285,LAURELES NOGAL # 2,18359.6142078553,193,8A,DIRECTA CENTRO,AUTOBUSES POBLADO LAURELES,ORIGEN_DESTINO,2021-10-19 00:00:00
90286,ESTADIO-BOLIVARIANA-LAURELES,12443.9254224214,193I,8A,INTEGRADA,AUTOBUSES POBLADO LAURELES,ORIGEN_DESTINO,2021-10-19 00:00:00
90287,ESTADIO-LAURELES SANTA TERESITA,13859.2670679442,193II,8A,INTEGRADA,AUTOBUSES POBLADO LAURELES,ORIGEN_DESTINO,2021-10-19 00:00:00
90288,SIMÓN BOLÍVAR-UNICENTRO-CENTRO,19771.237631352,195,8A,DIRECTA CENTRO,TAX MAYA,ORIGEN_DESTINO,2020-04-01 00:00:00
90289,SIMÓN BOLÍVAR-UNICENTRO-ESTACIÓN SANTA LUCÍA,13880.0916920739,195I,8A,INTEGRADA,TAX MAYA,ORIGEN_DESTINO,2020-11-06 00:00:00
90290,LAURELES CAMPESTRE-ESTACIÓN SANTA LUCÍA - ESTACIÓN FLORESTA,10293.8983008806,195II,8A,INTEGRADA,TAX MAYA,ORIGEN_DESTINO,2021-10-19 00:00:00
90291,BARRIO CRISTÓBAL-ORIENTAL,15632.5309937281,200,8A,DIRECTA CENTRO,CONDUCCIONES AMÉRICA,ORIGEN_DESTINO,2018-08-01 00:00:00
90292,ÉXITO CORAZÓN,21301.9391140364,201,8A,DIRECTA CENTRO,CONDUCCIONES AMÉRICA,ORIGEN_DESTINO,2021-10-19 00:00:00
90293,ÉXITO CORAZÓN,21637.3299556456,201,8A,DIRECTA CENTRO,CONDUCCIONES AMÉRICA,ORIGEN_DESTINO,2021-10-19 00:00:00
90294,CORAZÓN-PLAZA MINORISTA,23168.7917051575,201B,8A,DIRECTA CENTRO,CONDUCCIONES AMÉRICA,ORIGEN_DESTINO,2021-03-11 00:00:00
90296,LOS TANQUES-EL VOLCÁN-EL CORAZÓN-SAN JAVIER,10836.4870832404,201I,8A,INTEGRADA,CONDUCCIONES AMÉRICA,ORIGEN_DESTINO,2024-08-27 00:00:00
90297,SANTA MÓNICA-ORIENTAL,15676.5235888558,202,8A,DIRECTA CENTRO,CONDUCCIONES AMÉRICA,ORIGEN_DESTINO,2020-05-11 00:00:00
90298,EL MORRO-TRAVESÍAS-CORAZÓN-SANTA LUCÍA,12032.9287684573,202I,8A,INTEGRADA,CONDUCCIONES AMÉRICA,ORIGEN_DESTINO,2018-08-01 00:00:00
90299,BELENCITO-CORAZÓN-ORIENTAL,18053.6698217673,203 BELENCITO,8A,DIRECTA CENTRO,CONDUCCIONES AMÉRICA,ORIGEN_DESTINO,2018-08-01 00:00:00
90300,CORAZÓN-ORIENTAL,19958.8856066919,203 CORAZÓN,8A,DIRECTA CENTRO,CONDUCCIONES AMÉRICA,ORIGEN_DESTINO,2018-08-01 00:00:00
90301,SAN JAVIER-EDUARDO SANTOS-ORIENTAL,16003.5523048426,220,8A,DIRECTA CENTRO,CONDUCCIONES AMÉRICA,ORIGEN_DESTINO,2020-05-11 00:00:00
90302,SAN JAVIER DERECHO-LA CASETA-ORIENTAL,17628.4848800529,221A,8A,DIRECTA CENTRO,CONDUCCIONES AMÉRICA,ORIGEN_DESTINO,2018-08-01 00:00:00
90303,SAN JAVIER DERECHO-CUATRO ESQUINAS-ORIENTAL,16649.2907317162,221B,8A,DIRECTA CENTRO,CONDUCCIONES AMÉRICA,ORIGEN_DESTINO,2018-08-01 00:00:00
90304,VILLA LAURA-SAN JAVIER,6674.71795755128,221I,8A,INTEGRADA,CONDUCCIONES AMÉRICA,ORIGEN_DESTINO,2024-08-27 00:00:00
90305,SAN JAVIER NIZA - ORIENTAL,20824.3337722598,222,8A,DIRECTA CENTRO,CONDUCCIONES AMÉRICA,ORIGEN_DESTINO,2018-08-01 00:00:00
90306,SAN JAVIER LA LOMA-MINORISTA,23156.8152029829,223,8A,DIRECTA CENTRO,CONDUCCIONES AMÉRICA,ORIGEN_DESTINO,2021-03-11 00:00:00
90307,20 DE JULIO,3085.3297738651,225I-1,8A,INTEGRADA,METROSAN,ORIGEN_DESTINO,2024-08-27 00:00:00
90308,COLINAS,3494.67444600781,225I-2,8A,INTEGRADA,METROSAN,ORIGEN_DESTINO,2024-08-27 00:00:00
90309,SALADO,4157.6733728567,226I,8A,INTEGRADA,METROSAN,ORIGEN_DESTINO,2024-08-27 00:00:00
90310,DEPÓSITO,4165.95059438439,226I-D,8A,INTEGRADA,METROSAN,ORIGEN_DESTINO,2024-08-27 00:00:00
90311,QUINTAS,5163.28432270169,227I-1,8A,INTEGRADA,METROSAN,ORIGEN_DESTINO,2024-08-27 00:00:00
90312,PEÑITAS,5492.92075541249,227I-A,8A,INTEGRADA,METROSAN,ORIGEN_DESTINO,2024-08-27 00:00:00
90313,GABRIELA,3161.25001086309,227I-B,8A,INTEGRADA,METROSAN,ORIGEN_DESTINO,2024-08-27 00:00:00
90314,SOCORRO,3011.77964259547,227IB-2,8A,INTEGRADA,METROSAN,ORIGEN_DESTINO,2024-08-27 00:00:00
90315,CASETA,4885.47735363874,227I-C,8A,INTEGRADA,METROSAN,ORIGEN_DESTINO,2024-08-27 00:00:00
90316,CONQUISTADORES,3874.21138661798,228I,8A,INTEGRADA,METROSAN,ORIGEN_DESTINO,2024-08-27 00:00:00
90317,FLORESTA ESTADIO-ORIENTAL,19771.7775399597,240,8A,DIRECTA CENTRO,CONDUCCIONES AMÉRICA,ORIGEN_DESTINO,2021-10-19 00:00:00
90318,LA DIVISA,17628.0063102009,242,8A,DIRECTA CENTRO,COONATRA,ORIGEN_DESTINO,2020-05-11 00:00:00
90319,LA QUIEBRA,18314.6193561843,242,8A,DIRECTA CENTRO,COONATRA,ORIGEN_DESTINO,2020-05-11 00:00:00
90320,LA DIVISA,22460.8692218681,243,8A,DIRECTA CENTRO,COONATRA,ORIGEN_DESTINO,2020-05-11 00:00:00
90321,LA QUIEBRA,22063.224062393,243,8A,DIRECTA CENTRO,COONATRA,ORIGEN_DESTINO,2020-05-11 00:00:00
90322,FLORESTA,7113.79705721566,243I,8A,INTEGRADA,COONATRA,ORIGEN_DESTINO,2024-08-27 00:00:00
90323,FLORESTA DIRECTA,5077.99809714964,243ID,8A,INTEGRADA,COONATRA,ORIGEN_DESTINO,2024-08-27 00:00:00
90324,SANTA LUCIA,9589.40388206024,311I,8A,INTEGRADA,COONATRA,ORIGEN_DESTINO,2024-08-27 00:00:00
90325,SANTA LUCIA DIRECTA,6221.31806031573,311II,8A,INTEGRADA,COONATRA,ORIGEN_DESTINO,2024-08-27 00:00:00
90326,SAN CRISTÓBAL-LA ASOMADERA-CENTRO,35985.4985873526,C23_ALTERNA,8A,DIRECTA CENTRO,TAX MAYA,ORIGEN_DESTINO,2021-05-19 00:00:00
90327,SAN CRISTÓBAL-SAN JAVIER-LA LOMA-CENTRO,31816.3362930925,C23,8A,DIRECTA CENTRO,TAX MAYA,ORIGEN_DESTINO,2021-05-19 00:00:00
90328,SAN CRISTÓBAL-ESTACIÓN SAN JAVIER,21364.5544725251,C23I IZQUIERA,8A,INTEGRADA,TAX MAYA,ORIGEN_DESTINO,2024-08-27 00:00:00
90329,LA ASOMADERA-ESTACIÓN SAN JAVIER,21928.2079383265,C23I,8A,INTEGRADA,TAX MAYA,ORIGEN_DESTINO,2024-08-27 00:00:00
90330,EL PATIO-ESTACIÓN SAN JAVIER,22502.7467547976,C23I,8A,INTEGRADA,TAX MAYA,ORIGEN_DESTINO,2024-08-27 00:00:00
90331,LA PALMA-ESTACIÓN SAN JAVIER,21364.554472524,C23I,8A,INTEGRADA,TAX MAYA,ORIGEN_DESTINO,2024-08-27 00:00:00
90332,LAS PLAYAS-ESTACIÓN SAN JAVIER,21117.5434644748,C23I,8A,INTEGRADA,TAX MAYA,ORIGEN_DESTINO,2024-08-27 00:00:00
90333,PEDREGAL BAJO-ESTACIÓN SAN JAVIER,19377.2493770623,C23I,8A,INTEGRADA,TAX MAYA,ORIGEN_DESTINO,2024-08-27 00:00:00
90334,SAN CRISTÓBAL-CALLE NEGRA-ESTACIÓN AURORA,17312.4582764155,C23I,8A,INTEGRADA,TAX MAYA,ORIGEN_DESTINO,2024-08-27 00:00:00
90335,LA CRUZ,14226.4984504119,085 L C,6D,DIRECTA CENTRO,COOTRACOVI,ORIGEN_DESTINO,2024-08-27 00:00:00
90337,LA HONDA MINORISTA,16216.4410019791,085 L H MINO,6D,DIRECTA CENTRO,COOTRACOVI,ORIGEN_DESTINO,2024-08-27 00:00:00
90343,EL SALVADOR BARRIO NACIONAL,12312.4650069724,111,6A,DIRECTA CENTRO,FLOTA LA MILAGROSA,ORIGEN_DESTINO,2024-08-27 00:00:00
90347,LAS PLAYAS,9338.30824022428,255V4,2A,DIRECTA NO CENTRO,RÁPIDO SAN CRISTÓBAL,ORIGEN_DESTINO,2024-08-27 00:00:00
90349,LA CUCHILLA,13261.848302199,255V5,2A,DIRECTA NO CENTRO,RÁPIDO SAN CRISTÓBAL,ORIGEN_DESTINO,2024-08-27 00:00:00
90351,EL LLANO,11921.3048592164,255I,2A,INTEGRADA,RÁPIDO SAN CRISTÓBAL,ORIGEN_DESTINO,2024-08-27 00:00:00
90353,BOQUERON CENTRO HORARIO ESPECIAL,39163.4832631941,255 V3 HOR ESP,2A,DIRECTA CENTRO,RÁPIDO SAN CRISTÓBAL,ORIGEN_DESTINO,2024-08-27 00:00:00
90355,SAN CRISTÓBAL-ESTACIÓN SAN JAVIER,28945.2197433006,C23I DERECHA,8A,INTEGRADA,TAX MAYA,ORIGEN_DESTINO,2024-08-27 00:00:00
90357,PERLAS MINORISTA,21725.5988954067,107,6H,DIRECTA CENTRO,COOTRANSVI,ORIGEN_DESTINO,2024-08-27 00:00:00
90359,RATON PELAO MINORISTA,18102.7102820204,107,6H,DIRECTA CENTRO,COOTRANSVI,ORIGEN_DESTINO,2024-08-27 00:00:00
90361,ROSALES,4863.58542470437,311IIR,8A,INTEGRADA,COONATRA,ORIGEN_DESTINO,2024-08-27 00:00:00
90363,ROSALES,17564.8535891512,310R,8A,CIRCULAR,COONATRA,ORIGEN_DESTINO,2021-11-11 00:00:00
90365,VILLA FLORA-CURAZAO,16541.9121389748,250VF_C,2A,DIRECTA CENTRO,PALENQUE ROBLEDAL,ORIGEN_DESTINO,2021-11-11 00:00:00
90367,CIRCULAR,26054.3176424813,300 DIR-80,"CIRCULAR COONATRA 300, 301, 310, 311",CIRCULAR,COONATRA,ORIGEN_DESTINO,2024-08-27 00:00:00
90369,CIRCULAR,26939.3427274043,301 DIR-80,"CIRCULAR COONATRA 300, 301, 310, 311",CIRCULAR,COONATRA,ORIGEN_DESTINO,2024-08-27 00:00:00
90370,VILLA HERMOSA-LOS ANGELES-HOSPITAL LA PILOTO,12961.3710495581,082 V-LA PILOTO,6D,DIRECTA CENTRO,FLOTA NUEVA VILLA,ORIGEN_DESTINO,2024-08-27 00:00:00
90371,PILARICA,9660.3329248346,254IB_TV 75,2B,INTEGRADA,TRANSPORTE MEDELLÍN CASTILLA,ORIGEN_DESTINO,2024-08-27 00:00:00